-- phpMyAdmin SQL Dump
-- version 5.2.0
-- https://www.phpmyadmin.net/
--
-- Host: 127.0.0.1
-- Generation Time: May 12, 2023 at 06:41 PM
-- Server version: 10.4.27-MariaDB
-- PHP Version: 8.1.12

SET SQL_MODE = "NO_AUTO_VALUE_ON_ZERO";
START TRANSACTION;
SET time_zone = "+00:00";


/*!40101 SET @OLD_CHARACTER_SET_CLIENT=@@CHARACTER_SET_CLIENT */;
/*!40101 SET @OLD_CHARACTER_SET_RESULTS=@@CHARACTER_SET_RESULTS */;
/*!40101 SET @OLD_COLLATION_CONNECTION=@@COLLATION_CONNECTION */;
/*!40101 SET NAMES utf8mb4 */;

--
-- Database: `dbtoko1`
--

-- --------------------------------------------------------

--
-- Table structure for table `jenis_produk`
--

CREATE TABLE `jenis_produk` (
  `id` int(11) NOT NULL,
  `nama` varchar(45) DEFAULT NULL,
  `ket` varchar(50) NOT NULL
) ENGINE=InnoDB DEFAULT CHARSET=latin1 COLLATE=latin1_swedish_ci;

--
-- Dumping data for table `jenis_produk`
--

INSERT INTO `jenis_produk` (`id`, `nama`, `ket`) VALUES
(1, 'elektronik', 'Tersedia'),
(2, 'makanan', 'Tersedia'),
(3, 'minuman', 'Tersedia'),
(4, 'furniture', 'Tersedia');

-- --------------------------------------------------------

--
-- Table structure for table `kartu`
--

CREATE TABLE `kartu` (
  `id` int(11) NOT NULL,
  `kode` varchar(6) DEFAULT NULL,
  `nama` varchar(30) NOT NULL,
  `diskon` double DEFAULT NULL,
  `iuran` double DEFAULT NULL
) ENGINE=InnoDB DEFAULT CHARSET=latin1 COLLATE=latin1_swedish_ci;

--
-- Dumping data for table `kartu`
--

INSERT INTO `kartu` (`id`, `kode`, `nama`, `diskon`, `iuran`) VALUES
(1, '10111', 'Gold', 20000, 2000),
(2, '10112', 'Silver', 15000, 1500),
(3, '10113', 'platinum', 10000, 1000),
(4, '10114', 'Reguler', 5000, 1000),
(5, '10115', 'Kids', 2000, 500);

-- --------------------------------------------------------

--
-- Table structure for table `member`
--

CREATE TABLE `member` (
  `id` int(11) NOT NULL,
  `fullname` varchar(30) NOT NULL,
  `username` varchar(30) NOT NULL,
  `password` varchar(60) NOT NULL,
  `role` enum('admin','manager','staff') NOT NULL,
  `foto` varchar(30) DEFAULT NULL
) ENGINE=InnoDB DEFAULT CHARSET=latin1 COLLATE=latin1_swedish_ci;

--
-- Dumping data for table `member`
--

INSERT INTO `member` (`id`, `fullname`, `username`, `password`, `role`, `foto`) VALUES
(1, 'MUHAMMAD NUR RIZQI SAPUTRA', 'admin', '967a9f8fa757dfb5fdda6e5e08579869fb9b2ae3', 'admin', 'admin.jpg'),
(2, 'RIZQI SAPUTRA', 'manager', '54dd75eddaa72e610b060ae82548b2430a4dfbdc', 'manager', 'manager.jpg'),
(3, 'PUTRA', 'staff', 'ae186d20e1a1b46737a98ef69fc0896ba7cca385', 'staff', 'staff.jpg');

-- --------------------------------------------------------

--
-- Table structure for table `pelanggan`
--

CREATE TABLE `pelanggan` (
  `id` int(11) NOT NULL,
  `kode` varchar(10) DEFAULT NULL,
  `nama_pelanggan` varchar(50) DEFAULT NULL,
  `jk` char(1) DEFAULT NULL,
  `tmp_lahir` varchar(30) DEFAULT NULL,
  `tgl_lahir` date DEFAULT NULL,
  `email` varchar(45) DEFAULT NULL,
  `kartu_id` int(11) NOT NULL,
  `alamat` varchar(40) DEFAULT NULL
) ENGINE=InnoDB DEFAULT CHARSET=latin1 COLLATE=latin1_swedish_ci;

--
-- Dumping data for table `pelanggan`
--

INSERT INTO `pelanggan` (`id`, `kode`, `nama_pelanggan`, `jk`, `tmp_lahir`, `tgl_lahir`, `email`, `kartu_id`, `alamat`) VALUES
(1, '011101', 'Agung', 'L', 'Bandung', '1997-09-06', 'agung@gmail.com', 1, 'Jalan Braga'),
(2, '011102', 'Pandan Wangi', 'P', 'Yogyakarta', '1998-08-07', 'pandan@gmail.com', 2, 'Jalan Malioboro'),
(3, '011103', 'Sekar', 'P', 'Kediri', '2001-09-08', 'sekar@gmail.com', 1, 'Jalan Kediri Jaya'),
(4, '011104', 'Suandi', 'L', 'Jakarta', '1997-09-08', 'suandi@gmail.com', 1, 'Jalan Kediri Jaya'),
(5, '011105', 'Pradana', 'L', 'Jakarta', '2001-08-01', 'pradana@gmail.com', 2, 'Jalan Kemang'),
(6, '011106', 'Gayatri Putri', 'P', 'Jakarta', '2002-09-01', 'gayatri@gmail.com', 1, 'Jalan Sudirman'),
(7, '011107', 'Rizqi Saputra', 'L', 'Jakarta', '2000-02-01', 'putra@gmail.com', 3, 'Jalan Kemayoran'),
(8, '011108', 'Nur Rizqi', 'L', 'Malang', '2000-03-01', 'rizqi@gmail.com', 3, 'Jalan Batu'),
(9, '011109', 'Vahira', 'P', 'Jakarta', '2001-03-19', 'via@gmail.com', 1, 'Jalan Menteng');

-- --------------------------------------------------------

--
-- Table structure for table `pembayaran`
--

CREATE TABLE `pembayaran` (
  `id` int(11) NOT NULL,
  `nokuitansi` varchar(10) DEFAULT NULL,
  `tanggal` date DEFAULT NULL,
  `jumlah` double DEFAULT NULL,
  `ke` int(11) DEFAULT NULL,
  `status_pembayaran` varchar(50) NOT NULL,
  `cash` double NOT NULL,
  `pesanan_id` int(11) NOT NULL
) ENGINE=InnoDB DEFAULT CHARSET=latin1 COLLATE=latin1_swedish_ci;

--
-- Dumping data for table `pembayaran`
--

INSERT INTO `pembayaran` (`id`, `nokuitansi`, `tanggal`, `jumlah`, `ke`, `status_pembayaran`, `cash`, `pesanan_id`) VALUES
(1, 'K-0', '2023-05-07', 100000, 1, 'lunas', 100000, 0);

-- --------------------------------------------------------

--
-- Table structure for table `pembelian`
--

CREATE TABLE `pembelian` (
  `id` int(11) NOT NULL,
  `tanggal` varchar(45) DEFAULT NULL,
  `nomor` varchar(10) DEFAULT NULL,
  `produk_id` int(11) NOT NULL,
  `jumlah` int(11) DEFAULT NULL,
  `harga` double DEFAULT NULL,
  `vendor_id` int(11) NOT NULL
) ENGINE=InnoDB DEFAULT CHARSET=latin1 COLLATE=latin1_swedish_ci;

-- --------------------------------------------------------

--
-- Table structure for table `pesanan`
--

CREATE TABLE `pesanan` (
  `id` int(11) NOT NULL,
  `tanggal` date DEFAULT NULL,
  `total` double DEFAULT NULL,
  `pelanggan_id` int(11) NOT NULL
) ENGINE=InnoDB DEFAULT CHARSET=latin1 COLLATE=latin1_swedish_ci;

--
-- Dumping data for table `pesanan`
--

INSERT INTO `pesanan` (`id`, `tanggal`, `total`, `pelanggan_id`) VALUES
(1, '2023-05-07', 100000, 1),
(2, '2023-05-09', 300000, 2);

-- --------------------------------------------------------

--
-- Table structure for table `pesanan_items`
--

CREATE TABLE `pesanan_items` (
  `id` int(11) NOT NULL,
  `produk_id` int(11) NOT NULL,
  `pesanan_id` int(11) NOT NULL,
  `qty` int(11) DEFAULT NULL,
  `harga` double DEFAULT NULL
) ENGINE=InnoDB DEFAULT CHARSET=latin1 COLLATE=latin1_swedish_ci;

--
-- Dumping data for table `pesanan_items`
--

INSERT INTO `pesanan_items` (`id`, `produk_id`, `pesanan_id`, `qty`, `harga`) VALUES
(1, 3, 2, 2, 5000000);

--
-- Triggers `pesanan_items`
--
DELIMITER $$
CREATE TRIGGER `keranjang_pesanan_items` BEFORE INSERT ON `pesanan_items` FOR EACH ROW BEGIN
SET @stok = (SELECT stok FROM produk WHERE id = NEW.produk_id);
SET @sisa = @stok - NEW.qty;
IF @sisa < 0 THEN
SIGNAL SQLSTATE '45000' SET MESSAGE_TEXT = 'Warning: stok tidak cukup';
END IF;
UPDATE produk SET stok = @sisa WHERE id = NEW.produk_id;
END
$$
DELIMITER ;
DELIMITER $$
CREATE TRIGGER `transaksi_update_before` BEFORE UPDATE ON `pesanan_items` FOR EACH ROW BEGIN
IF OLD.ID = NEW.produk_id THEN
SET @stok = (SELECT stok FROM produk WHERE id = OLD.produk_id);
SET @sisa = (@stok + OLD.qty) - NEW.qty;
IF @sisa < 0 THEN
SIGNAL SQLSTATE '45000' SET MESSAGE_TEXT = 'Warning: stok tidak cukup';
END IF;
UPDATE produk SET stok = @sisa WHERE id = OLD.produk_id;
ELSE
SET @stok_lama = (SELECT stok FROM produk WHERE id = OLD.produk_id);
SET @sisa_lama = (@stok_lama + OLD.qty);
UPDATE produk SET stok = @sisa_lama WHERE id = OLD.produk_id;
SET @stok_baru = (SELECT stok FROM produk WHERE id = NEW.produk_id);
SET @sisa_baru = @stok_baru - NEW.qty;
IF @sisa_baru < 0 THEN
SIGNAL SQLSTATE '45000' SET MESSAGE_TEXT = 'Warning: stok tidak tersedia';
END IF;
UPDATE produk SET stok = @sisa_baru WHERE id = NEW.produk_id;
END IF;
END
$$
DELIMITER ;

-- --------------------------------------------------------

--
-- Table structure for table `produk`
--

CREATE TABLE `produk` (
  `id` int(11) NOT NULL,
  `kode` varchar(10) DEFAULT NULL,
  `nama` varchar(45) NOT NULL,
  `harga_beli` double DEFAULT NULL,
  `harga_jual` double DEFAULT NULL,
  `stok` int(11) DEFAULT NULL,
  `min_stok` int(11) DEFAULT NULL,
  `jenis_produk_id` int(11) DEFAULT NULL
) ENGINE=InnoDB DEFAULT CHARSET=latin1 COLLATE=latin1_swedish_ci;

--
-- Dumping data for table `produk`
--

INSERT INTO `produk` (`id`, `kode`, `nama`, `harga_beli`, `harga_jual`, `stok`, `min_stok`, `jenis_produk_id`) VALUES
(1, 'TV01', 'TV', 3000000, 4000000, 3, 2, 1),
(2, 'TV02', 'TV 21 Inch', 2000000, 3000000, 10, 3, 1),
(3, 'K001', 'Kulkas', 4000000, 5000000, 8, 3, 1),
(4, 'M001', 'Meja Makan', 1000000, 2000000, 4, 2, 4),
(5, 'T001', 'Taro', 4000, 5000, 3, 2, 2),
(6, 'TK01', 'Teh Kotak', 3000, 4000, 2, 10, 3),
(7, 'RG01', 'Roti Goreng', 3000, 5000, 20, 5, 2),
(8, 'SF01', 'Sofa', 1000000, 2000000, 8, 2, 4);

-- --------------------------------------------------------

--
-- Table structure for table `vendor`
--

CREATE TABLE `vendor` (
  `id` int(11) NOT NULL,
  `nomor` varchar(4) DEFAULT NULL,
  `nama` varchar(40) DEFAULT NULL,
  `kota` varchar(30) DEFAULT NULL,
  `kontak` varchar(30) DEFAULT NULL
) ENGINE=InnoDB DEFAULT CHARSET=latin1 COLLATE=latin1_swedish_ci;

--
-- Indexes for dumped tables
--

--
-- Indexes for table `jenis_produk`
--
ALTER TABLE `jenis_produk`
  ADD PRIMARY KEY (`id`);

--
-- Indexes for table `kartu`
--
ALTER TABLE `kartu`
  ADD PRIMARY KEY (`id`),
  ADD UNIQUE KEY `kode` (`kode`);

--
-- Indexes for table `member`
--
ALTER TABLE `member`
  ADD PRIMARY KEY (`id`),
  ADD UNIQUE KEY `username` (`username`);

--
-- Indexes for table `pelanggan`
--
ALTER TABLE `pelanggan`
  ADD PRIMARY KEY (`id`),
  ADD UNIQUE KEY `kode` (`kode`);

--
-- Indexes for table `pembayaran`
--
ALTER TABLE `pembayaran`
  ADD PRIMARY KEY (`id`),
  ADD UNIQUE KEY `nokuitansi` (`nokuitansi`);

--
-- Indexes for table `pembelian`
--
ALTER TABLE `pembelian`
  ADD PRIMARY KEY (`id`);

--
-- Indexes for table `pesanan`
--
ALTER TABLE `pesanan`
  ADD PRIMARY KEY (`id`);

--
-- Indexes for table `pesanan_items`
--
ALTER TABLE `pesanan_items`
  ADD PRIMARY KEY (`id`);

--
-- Indexes for table `produk`
--
ALTER TABLE `produk`
  ADD PRIMARY KEY (`id`),
  ADD UNIQUE KEY `kode` (`kode`);

--
-- Indexes for table `vendor`
--
ALTER TABLE `vendor`
  ADD PRIMARY KEY (`id`);

--
-- AUTO_INCREMENT for dumped tables
--

--
-- AUTO_INCREMENT for table `jenis_produk`
--
ALTER TABLE `jenis_produk`
  MODIFY `id` int(11) NOT NULL AUTO_INCREMENT, AUTO_INCREMENT=5;

--
-- AUTO_INCREMENT for table `kartu`
--
ALTER TABLE `kartu`
  MODIFY `id` int(11) NOT NULL AUTO_INCREMENT, AUTO_INCREMENT=7;

--
-- AUTO_INCREMENT for table `member`
--
ALTER TABLE `member`
  MODIFY `id` int(11) NOT NULL AUTO_INCREMENT, AUTO_INCREMENT=4;

--
-- AUTO_INCREMENT for table `pelanggan`
--
ALTER TABLE `pelanggan`
  MODIFY `id` int(11) NOT NULL AUTO_INCREMENT, AUTO_INCREMENT=13;

--
-- AUTO_INCREMENT for table `pembayaran`
--
ALTER TABLE `pembayaran`
  MODIFY `id` int(11) NOT NULL AUTO_INCREMENT, AUTO_INCREMENT=7;

--
-- AUTO_INCREMENT for table `pembelian`
--
ALTER TABLE `pembelian`
  MODIFY `id` int(11) NOT NULL AUTO_INCREMENT;

--
-- AUTO_INCREMENT for table `pesanan`
--
ALTER TABLE `pesanan`
  MODIFY `id` int(11) NOT NULL AUTO_INCREMENT, AUTO_INCREMENT=5;

--
-- AUTO_INCREMENT for table `pesanan_items`
--
ALTER TABLE `pesanan_items`
  MODIFY `id` int(11) NOT NULL AUTO_INCREMENT, AUTO_INCREMENT=2;

--
-- AUTO_INCREMENT for table `produk`
--
ALTER TABLE `produk`
  MODIFY `id` int(11) NOT NULL AUTO_INCREMENT, AUTO_INCREMENT=10;

--
-- AUTO_INCREMENT for table `vendor`
--
ALTER TABLE `vendor`
  MODIFY `id` int(11) NOT NULL AUTO_INCREMENT;
COMMIT;

/*!40101 SET CHARACTER_SET_CLIENT=@OLD_CHARACTER_SET_CLIENT */;
/*!40101 SET CHARACTER_SET_RESULTS=@OLD_CHARACTER_SET_RESULTS */;
/*!40101 SET COLLATION_CONNECTION=@OLD_COLLATION_CONNECTION */;
